# Mysql各种连接JOIN

```mysql
# 演示
# 直接选择多个表，结果就是笛卡尔积的结果
# 还有其他的笛卡尔积的实现方法
SELECT Course.CourseId,CourseName,Score FROM SC,Course;
SELECT Course.CourseId,CourseName,Score FROM SC CROSS JOIN Course;
# 没有ON的话，也是笛卡尔积
SELECT Course.CourseId,CourseName,Score FROM SC INNER JOIN Course;
# JOIN默认是INNER JOIN
# 默认join = inner join
SELECT Course.CourseId,CourseName,Score FROM SC JOIN Course;
!!!!!select * from instructor join teaches; !!!!产生结果与笛卡尔积相同，ID出现2次

# where限制连接属性，产生结果ID出现2次，查询到的结果除此与自然连接相同。
SELECT Course.CourseId,CourseName,Score FROM SC,Course WHERE Sc.CourseId=Course.CourseId;
#
SELECT Course.CourseId,CourseName,Score FROM SC NATURAL JOIN Course;
# 默认join = inner join
SELECT Course.CourseId,CourseName,Score FROM SC INNER JOIN Course ON SC.CourseId=Course.CourseId;
#
SELECT Course.CourseId,CourseName,Score FROM SC JOIN Course ON SC.CourseId=Course.CourseId;


# mysql语法不支持全外连接
SELECT Course.CourseId,CourseName,Score FROM SC OUTER FULL JOIN Course ON SC.CourseId=Course.CourseId;
#  mysql可以通过union间接实现全外连接
SELECT Course.CourseId,CourseName,Score FROM SC RIGHT JOIN Course ON SC.CourseId=Course.CourseId
UNION
SELECT Course.CourseId,CourseName,Score FROM SC LEFT JOIN Course ON SC.CourseId=Course.CourseId;

```

# [MySQL的JOIN](https://www.cnblogs.com/fudashi/p/7491039.html)

连接两张表，大致分为内连接，外连接，右连接，左连接，自然连接

![img](https://images2017.cnblogs.com/blog/1035967/201709/1035967-20170907174926054-907920122.jpg)



```Mysql
 CREATE TABLE t_blog(
        id INT PRIMARY KEY AUTO_INCREMENT,
        title VARCHAR(50),
        typeId INT
    );
    SELECT * FROM t_blog;
    +----+-------+--------+
    | id | title | typeId |
    +----+-------+--------+
    |  1 | aaa   |      1 |
    |  2 | bbb   |      2 |
    |  3 | ccc   |      3 |
    |  4 | ddd   |      4 |
    |  5 | eee   |      4 |
    |  6 | fff   |      3 |
    |  7 | ggg   |      2 |
    |  8 | hhh   |   NULL |
    |  9 | iii   |   NULL |
    | 10 | jjj   |   NULL |
    +----+-------+--------+
    -- 博客的类别
    CREATE TABLE t_type(
        id INT PRIMARY KEY AUTO_INCREMENT,
        name VARCHAR(20)
    );
    SELECT * FROM t_type;
    +----+------------+
    | id | name       |
    +----+------------+
    |  1 | C++        |
    |  2 | C          |
    |  3 | Java       |
    |  4 | C#         |
    |  5 | Javascript |
    +----+------------+
```

## 笛卡尔积：CROSS JOIN

要理解各种JOIN首先要理解笛卡尔积。笛卡尔积就是将A表的每一条记录与B表的每一条记录强行拼在一起。所以，如果A表有n条记录，B表有m条记录，笛卡尔积产生的结果就会产生n*m条记录。下面的例子，t_blog有10条记录，t_type有5条记录，所有他们俩的笛卡尔积有50条记录。有五种产生笛卡尔积的方式如下。

```Mysql
 SELECT * FROM t_blog CROSS JOIN t_type;
    SELECT * FROM t_blog INNER JOIN t_type;
    SELECT * FROM t_blog,t_type;
    SELECT * FROM t_blog NATURE JOIN t_type;
    select * from t_blog NATURA join t_type;
    +----+-------+--------+----+------------+
    | id | title | typeId | id | name       |
    +----+-------+--------+----+------------+
    |  1 | aaa   |      1 |  1 | C++        |
    |  1 | aaa   |      1 |  2 | C          |
    |  1 | aaa   |      1 |  3 | Java       |
    |  1 | aaa   |      1 |  4 | C#         |
    |  1 | aaa   |      1 |  5 | Javascript |
    |  2 | bbb   |      2 |  1 | C++        |
    |  2 | bbb   |      2 |  2 | C          |
    |  2 | bbb   |      2 |  3 | Java       |
    |  2 | bbb   |      2 |  4 | C#         |
    |  2 | bbb   |      2 |  5 | Javascript |
    |  3 | ccc   |      3 |  1 | C++        |
    |  3 | ccc   |      3 |  2 | C          |
    |  3 | ccc   |      3 |  3 | Java       |
    |  3 | ccc   |      3 |  4 | C#         |
    |  3 | ccc   |      3 |  5 | Javascript |
    |  4 | ddd   |      4 |  1 | C++        |
    |  4 | ddd   |      4 |  2 | C          |
    |  4 | ddd   |      4 |  3 | Java       |
    |  4 | ddd   |      4 |  4 | C#         |
    |  4 | ddd   |      4 |  5 | Javascript |
    |  5 | eee   |      4 |  1 | C++        |
    |  5 | eee   |      4 |  2 | C          |
    |  5 | eee   |      4 |  3 | Java       |
    |  5 | eee   |      4 |  4 | C#         |
    |  5 | eee   |      4 |  5 | Javascript |
    |  6 | fff   |      3 |  1 | C++        |
    |  6 | fff   |      3 |  2 | C          |
    |  6 | fff   |      3 |  3 | Java       |
    |  6 | fff   |      3 |  4 | C#         |
    |  6 | fff   |      3 |  5 | Javascript |
    |  7 | ggg   |      2 |  1 | C++        |
    |  7 | ggg   |      2 |  2 | C          |
    |  7 | ggg   |      2 |  3 | Java       |
    |  7 | ggg   |      2 |  4 | C#         |
    |  7 | ggg   |      2 |  5 | Javascript |
    |  8 | hhh   |   NULL |  1 | C++        |
    |  8 | hhh   |   NULL |  2 | C          |
    |  8 | hhh   |   NULL |  3 | Java       |
    |  8 | hhh   |   NULL |  4 | C#         |
    |  8 | hhh   |   NULL |  5 | Javascript |
    |  9 | iii   |   NULL |  1 | C++        |
    |  9 | iii   |   NULL |  2 | C          |
    |  9 | iii   |   NULL |  3 | Java       |
    |  9 | iii   |   NULL |  4 | C#         |
    |  9 | iii   |   NULL |  5 | Javascript |
    | 10 | jjj   |   NULL |  1 | C++        |
    | 10 | jjj   |   NULL |  2 | C          |
    | 10 | jjj   |   NULL |  3 | Java       |
    | 10 | jjj   |   NULL |  4 | C#         |
    | 10 | jjj   |   NULL |  5 | Javascript |
    +----+-------+--------+----+------------+
```

## 内连接：INNER JOIN

内连接INNER JOIN是最常用的连接操作。从数学的角度讲就是求两个表的交集，从笛卡尔积的角度讲就是从笛卡尔积中挑出ON子句条件成立的记录。有INNER JOIN，WHERE（等值连接），STRAIGHT_JOIN,JOIN(省略INNER)四种写法。哪种好呢（**优先选择驱动表的属性进行排序能够提高连接效率。**）。示例如下。

```mysql
  SELECT * FROM t_blog INNER JOIN t_type ON t_blog.typeId=t_type.id;
    SELECT * FROM t_blog,t_type WHERE t_blog.typeId=t_type.id;
    SELECT * FROM t_blog STRAIGHT_JOIN t_type ON t_blog.typeId=t_type.id; --注意STRIGHT_JOIN有个下划线
    SELECT * FROM t_blog JOIN t_type ON t_blog.typeId=t_type.id;

    +----+-------+--------+----+------+
    | id | title | typeId | id | name |
    +----+-------+--------+----+------+
    |  1 | aaa   |      1 |  1 | C++  |
    |  2 | bbb   |      2 |  2 | C    |
    |  7 | ggg   |      2 |  2 | C    |
    |  3 | ccc   |      3 |  3 | Java |
    |  6 | fff   |      3 |  3 | Java |
    |  4 | ddd   |      4 |  4 | C#   |
    |  5 | eee   |      4 |  4 | C#   |
    +----+-------+--------+----+------+
```

## 左连接：LEFT JOIN

左连接LEFT JOIN的含义就是求两个表的交集外加左表剩下的数据。依旧从笛卡尔积的角度讲，就是先从笛卡尔积中挑出ON子句条件成立的记录，然后加上左表中剩余的记录（见最后三条）。



```mysql
    SELECT * FROM t_blog LEFT JOIN t_type ON t_blog.typeId=t_type.id;

    +----+-------+--------+------+------+
    | id | title | typeId | id   | name |
    +----+-------+--------+------+------+
    |  1 | aaa   |      1 |    1 | C++  |
    |  2 | bbb   |      2 |    2 | C    |
    |  7 | ggg   |      2 |    2 | C    |
    |  3 | ccc   |      3 |    3 | Java |
    |  6 | fff   |      3 |    3 | Java |
    |  4 | ddd   |      4 |    4 | C#   |
    |  5 | eee   |      4 |    4 | C#   |
    |  8 | hhh   |   NULL | NULL | NULL |
    |  9 | iii   |   NULL | NULL | NULL |
    | 10 | jjj   |   NULL | NULL | NULL |
    +----+-------+--------+------+------+
```



## 右连接：RIGHT JOIN

同理右连接RIGHT JOIN就是求两个表的交集外加右表剩下的数据。再次从笛卡尔积的角度描述，右连接就是从笛卡尔积中挑出ON子句条件成立的记录，然后加上右表中剩余的记录（见最后一条）。



```mysql
    SELECT * FROM t_blog RIGHT JOIN t_type ON t_blog.typeId=t_type.id;

    +------+-------+--------+----+------------+
    | id   | title | typeId | id | name       |
    +------+-------+--------+----+------------+
    |    1 | aaa   |      1 |  1 | C++        |
    |    2 | bbb   |      2 |  2 | C          |
    |    3 | ccc   |      3 |  3 | Java       |
    |    4 | ddd   |      4 |  4 | C#         |
    |    5 | eee   |      4 |  4 | C#         |
    |    6 | fff   |      3 |  3 | Java       |
    |    7 | ggg   |      2 |  2 | C          |
    | NULL | NULL  |   NULL |  5 | Javascript |
    +------+-------+--------+----+------------+
```



## 外连接：OUTER JOIN

外连接就是求两个集合的并集。从笛卡尔积的角度讲就是从笛卡尔积中挑出ON子句条件成立的记录，然后加上左表中剩余的记录，最后加上右表中剩余的记录。另外MySQL不支持OUTER JOIN，但是我们可以对左连接和右连接的结果做UNION操作来实现。

```mysql
    SELECT * FROM t_blog LEFT JOIN t_type ON t_blog.typeId=t_type.id
    UNION
    SELECT * FROM t_blog RIGHT JOIN t_type ON t_blog.typeId=t_type.id;

    +------+-------+--------+------+------------+
    | id   | title | typeId | id   | name       |
    +------+-------+--------+------+------------+
    |    1 | aaa   |      1 |    1 | C++        |
    |    2 | bbb   |      2 |    2 | C          |
    |    7 | ggg   |      2 |    2 | C          |
    |    3 | ccc   |      3 |    3 | Java       |
    |    6 | fff   |      3 |    3 | Java       |
    |    4 | ddd   |      4 |    4 | C#         |
    |    5 | eee   |      4 |    4 | C#         |
    |    8 | hhh   |   NULL | NULL | NULL       |
    |    9 | iii   |   NULL | NULL | NULL       |
    |   10 | jjj   |   NULL | NULL | NULL       |
    | NULL | NULL  |   NULL |    5 | Javascript |
    +------+-------+--------+------+------------+
```



## USING子句

MySQL中连接SQL语句中，ON子句的语法格式为：table1.column_name = table2.column_name。当模式设计对联接表的列采用了相同的命名样式时，就可以使用 USING 语法来简化 ON 语法，格式为：

USING(column_name)。 

所以，USING的功能相当于ON，区别在于USING指定一个属性名用于连接两个表，而ON指定一个条件。另外，SELECT *时，USING会去除USING指定的列，而ON不会。实例如下。

```mysql
    SELECT * FROM t_blog INNER JOIN t_type ON t_blog.typeId =t_type.id;
    +----+-------+--------+----+------+
    | id | title | typeId | id | name |
    +----+-------+--------+----+------+
    |  1 | aaa   |      1 |  1 | C++  |
    |  2 | bbb   |      2 |  2 | C    |
    |  7 | ggg   |      2 |  2 | C    |
    |  3 | ccc   |      3 |  3 | Java |
    |  6 | fff   |      3 |  3 | Java |
    |  4 | ddd   |      4 |  4 | C#   |
    |  5 | eee   |      4 |  4 | C#   |
    +----+-------+--------+----+------+


    SELECT * FROM t_blog INNER JOIN t_type USING(typeId);
    ERROR 1054 (42S22): Unknown column 'typeId' in 'from clause'
    SELECT * FROM t_blog INNER JOIN t_type USING(id); -- 应为t_blog的typeId与t_type的id不同名，无法用Using，这里用id代替下。
    +----+-------+--------+------------+
    | id | title | typeId | name       |
    +----+-------+--------+------------+
    |  1 | aaa   |      1 | C++        |
    |  2 | bbb   |      2 | C          |
    |  3 | ccc   |      3 | Java       |
    |  4 | ddd   |      4 | C#         |
    |  5 | eee   |      4 | Javascript |
    +----+-------+--------+------------+
```



## 自然连接：NATURE JOIN

自然连接就是USING子句的简化版，它找出两个表中相同的列作为连接条件进行连接。有**左自然连接**，**右自然连接**和**普通自然连接**之分。在t_blog和t_type示例中，两个表相同的列是id，所以会拿id作为连接条件。 
另外千万分清下面三条语句的区别 。

自然连接:SELECT * FROM t_blog NATURAL JOIN t_type; 

笛卡尔积:SELECT * FROM t_blog NATURA JOIN t_type; 

笛卡尔积:SELECT * FROM t_blog NATURE JOIN t_type;



```mysql
    SELECT * FROM t_blog NATURAL JOIN t_type;
    SELECT t_blog.id,title,typeId,t_type.name FROM t_blog,t_type WHERE t_blog.id=t_type.id;
    SELECT t_blog.id,title,typeId,t_type.name FROM t_blog INNER JOIN t_type ON t_blog.id=t_type.id;
    SELECT t_blog.id,title,typeId,t_type.name FROM t_blog INNER JOIN t_type USING(id);

    +----+-------+--------+------------+
    | id | title | typeId | name       |
    +----+-------+--------+------------+
    |  1 | aaa   |      1 | C++        |
    |  2 | bbb   |      2 | C          |
    |  3 | ccc   |      3 | Java       |
    |  4 | ddd   |      4 | C#         |
    |  5 | eee   |      4 | Javascript |
    +----+-------+--------+------------+

    SELECT * FROM t_blog NATURAL LEFT JOIN t_type;
    SELECT t_blog.id,title,typeId,t_type.name FROM t_blog LEFT JOIN t_type ON t_blog.id=t_type.id;
    SELECT t_blog.id,title,typeId,t_type.name FROM t_blog LEFT JOIN t_type USING(id);

    +----+-------+--------+------------+
    | id | title | typeId | name       |
    +----+-------+--------+------------+
    |  1 | aaa   |      1 | C++        |
    |  2 | bbb   |      2 | C          |
    |  3 | ccc   |      3 | Java       |
    |  4 | ddd   |      4 | C#         |
    |  5 | eee   |      4 | Javascript |
    |  6 | fff   |      3 | NULL       |
    |  7 | ggg   |      2 | NULL       |
    |  8 | hhh   |   NULL | NULL       |
    |  9 | iii   |   NULL | NULL       |
    | 10 | jjj   |   NULL | NULL       |
    +----+-------+--------+------------+

    SELECT * FROM t_blog NATURAL RIGHT JOIN t_type;
    SELECT t_blog.id,title,typeId,t_type.name FROM t_blog RIGHT JOIN t_type ON t_blog.id=t_type.id;
    SELECT t_blog.id,title,typeId,t_type.name FROM t_blog RIGHT JOIN t_type USING(id);

    +----+------------+-------+--------+
    | id | name       | title | typeId |
    +----+------------+-------+--------+
    |  1 | C++        | aaa   |      1 |
    |  2 | C          | bbb   |      2 |
    |  3 | Java       | ccc   |      3 |
    |  4 | C#         | ddd   |      4 |
    |  5 | Javascript | eee   |      4 |
    +----+------------+-------+--------+
```



## 补充

除了开头的第一张图除去讲了的内连接、左连接、右连接、外连接，还有一些特殊的韦恩图，这里补充一下。

```mysql
    SELECT * FROM t_blog LEFT JOIN t_type ON t_blog.typeId=t_type.id
    WHERE t_type.id IS NULL;
    +----+-------+--------+------+------+
    | id | title | typeId | id   | name |
    +----+-------+--------+------+------+
    |  8 | hhh   |   NULL | NULL | NULL |
    |  9 | iii   |   NULL | NULL | NULL |
    | 10 | jjj   |   NULL | NULL | NULL |
    +----+-------+--------+------+------+
    SELECT * FROM t_blog RIGHT JOIN t_type ON t_blog.typeId=t_type.id
    WHERE t_blog.id IS NULL;
    +------+-------+--------+----+------------+
    | id   | title | typeId | id | name       |
    +------+-------+--------+----+------------+
    | NULL | NULL  |   NULL |  5 | Javascript |
    +------+-------+--------+----+------------+
    SELECT * FROM t_blog LEFT JOIN t_type ON t_blog.typeId=t_type.id
    WHERE t_type.id IS NULL
    UNION
    SELECT * FROM t_blog RIGHT JOIN t_type ON t_blog.typeId=t_type.id
    WHERE t_blog.id IS NULL;
    +------+-------+--------+------+------------+
    | id   | title | typeId | id   | name       |
    +------+-------+--------+------+------------+
    |    8 | hhh   |   NULL | NULL | NULL       |
    |    9 | iii   |   NULL | NULL | NULL       |
    |   10 | jjj   |   NULL | NULL | NULL       |
    | NULL | NULL  |   NULL |    5 | Javascript |
    +------+-------+--------+------+------------+
```

## JOIN的原理

### 表连接算法

**Nested Loop Join（NLJ）算法：** 
首先介绍一种基础算法:NLJ，嵌套循环算法。循环外层是驱动表，循坏内层是被驱动表。驱动表会驱动被驱动表进行连接操作。首先驱动表找到第一条记录，然后从头扫描被驱动表，逐一查找与驱动表第一条记录匹配的记录然后连接起来形成结果表中的一条记。被驱动表查找完后，再从驱动表中取出第二个记录，然后从头扫描被驱动表，逐一查找与驱动表第二条记录匹配的记录，连接起来形成结果表中的一条记录。

重复上述操作，直到驱动表的全部记录都处理完毕为止。这就是嵌套循环连接算法的基本思想，伪代码如下。

```
    foreach row1 from t1
        foreach row2 from t2
            if row2 match row1 //row2与row1匹配，满足连接条件
                join row1 and row2 into result //连接row1和row2加入结果集
```

首先加载t1，然后从t1中取出第一条记录，之后加载t2表，与t2表中的记录逐个匹配，连接匹配的记录。

**Block Nested Loop Join(BNLJ)算法：** 

再介绍一种高级算法：BNLJ，块嵌套循环算法，可以看作对NLJ的优化。大致思想就是建立一个缓存区，一次从驱动表中取多条记录，然后扫描被驱动表，被驱动表的每一条记录都尝试与缓冲区中的多条记录匹配，如果匹配则连接并加入结果集。缓冲区越大，驱动表一次取出的记录就越多。这个算法的优化思路就是减少内循环的次数从而提高表连接效率。

### 影响性能的因素

**1.内循环的次数：**现在考虑这么一个场景，当t1有100条记录，t2有10000条记录。那么，t1驱动t2与t2驱动t1，他们之间在效率上孰优孰劣？

如果是单纯的分析指令执行次数，他们都是100*10000,但是考虑到加载表的次数呢。首先分析t1驱动t2，t1表加载1次，t2表需要加载100次。然后分析t2驱动t1，t2表首先加载1次，但是t1表要加载10000次。所以，t1驱动t2的效率要优于t2驱动t1的效率。

**由此得出，小表驱动大表能够减少内循环的次数从而提高连接效率。** 

另外，如果使用Block Nested Loop Join算法的话，通过扩大一次缓存区的大小也能减小内循环的次数。**由此又可得，设置合理的缓冲区大小能够提高连接效率**

**2.快速匹配：**扫描被驱动表寻找合适的记录可以看做一个查询操作，如何提高查询的效率呢？建索引啊！**由此还可得出，在被驱动表建立索引能够提高连接效率**

**3.排序：**假设t1表驱动t2表进行连接操作，连接条件是t1.id=t2.id，而且要求查询结果对id排序。现在有两种选择，方式一[...ORDER BY t1.id]，方式二[...ORDER BY t2.id]。如果我们使用方式一的话，可以先对t1进行排序然后执行表连接算法，如果我们使用方式二的话，只能在执行表连接算法后，对结果集进行排序（Using temporary），效率自然低下。**由此最后可得出，优先选择驱动表的属性进行排序能够提高连接效率。**



## 实例对比

表结构： 
以下是使用到的两张表instructor和teaches，我们希望通过属性ID进行连接

```
mysql> select * from instructor;
+-------+------------+------------+----------+
| ID    | name       | dept_name  | salary   |
+-------+------------+------------+----------+
| 10101 | Srinivasan | Comp. Sci. | 65000.00 |
| 12121 | Wu         | Finance    | 90000.00 |
| 15151 | Mozart     | Music      | 40000.00 |
| 22222 | Einstein   | Physics    | 95000.00 |
| 32343 | El Said    | History    | 60000.00 |
| 33456 | Gold       | Physics    | 87000.00 |
| 45565 | Katz       | Comp. Sci. | 75000.00 |
| 58583 | Califieri  | History    | 62000.00 |
| 76543 | Singh      | Finance    | 80000.00 |
| 76766 | Crick      | Biology    | 72000.00 |
| 83821 | Brandt     | Comp. Sci. | 92000.00 |
| 98345 | Kim        | Elec. Eng. | 80000.00 |
+-------+------------+------------+----------+
12 rows in set (0.00 sec)
```
**12 rows in set (0.00 sec)**

```
mysql> select * from teaches;
+-------+-----------+--------+----------+------+
| ID    | course_id | sec_id | semester | year |
+-------+-----------+--------+----------+------+
| 76766 | BIO-101   | 1      | Summer   | 2009 |
| 76766 | BIO-301   | 1      | Summer   | 2010 |
| 10101 | CS-101    | 1      | Fall     | 2009 |
| 45565 | CS-101    | 1      | Spring   | 2010 |
| 83821 | CS-190    | 1      | Spring   | 2009 |
| 83821 | CS-190    | 2      | Spring   | 2009 |
| 10101 | CS-315    | 1      | Spring   | 2010 |
| 45565 | CS-319    | 1      | Spring   | 2010 |
| 83821 | CS-319    | 2      | Spring   | 2010 |
| 10101 | CS-347    | 1      | Fall     | 2009 |
| 98345 | EE-181    | 1      | Spring   | 2009 |
| 12121 | FIN-201   | 1      | Spring   | 2010 |
| 32343 | HIS-351   | 1      | Spring   | 2010 |
| 15151 | MU-199    | 1      | Spring   | 2010 |
| 22222 | PHY-101   | 1      | Fall     | 2009 |
+-------+-----------+--------+----------+------+
15 rows in set (0.00 sec)
```

**15 rows in set (0.00 sec)**

## 笛卡尔积

`instructor X teaches`

产生的结果最多，排列出所有可能组合，无null，连接属性ID出现2次。

```
mysql> select * from instructor, teaches;
+-------+------------+------------+----------+-------+-----------+--------+----------+------+
| ID    | name       | dept_name  | salary   | ID    | course_id | sec_id | semester | year |
+-------+------------+------------+----------+-------+-----------+--------+----------+------+
| 10101 | Srinivasan | Comp. Sci. | 65000.00 | 76766 | BIO-101   | 1      | Summer   | 2009 |
| 12121 | Wu         | Finance    | 90000.00 | 76766 | BIO-101   | 1      | Summer   | 2009 |
| 33456 | Gold       | Physics    | 87000.00 | 10101 | CS-101    | 1      | Fall     | 2009 |
...
180 rows in set (0.00 sec)
```

使用`where`限制连接属性，产生结果ID出现2次，查询到的结果除此与自然连接相同。

```
mysql> select * from instructor, teaches where instructor.id = teaches.id;
+-------+------------+------------+----------+-------+-----------+--------+----------+------+
| ID    | name       | dept_name  | salary   | ID    | course_id | sec_id | semester | year |
+-------+------------+------------+----------+-------+-----------+--------+----------+------+
| 10101 | Srinivasan | Comp. Sci. | 65000.00 | 10101 | CS-101    | 1      | Fall     | 2009 |
| 10101 | Srinivasan | Comp. Sci. | 65000.00 | 10101 | CS-315    | 1      | Spring   | 2010 |
| 10101 | Srinivasan | Comp. Sci. | 65000.00 | 10101 | CS-347    | 1      | Fall     | 2009 |
| 12121 | Wu         | Finance    | 90000.00 | 12121 | FIN-201   | 1      | Spring   | 2010 |
| 15151 | Mozart     | Music      | 40000.00 | 15151 | MU-199    | 1      | Spring   | 2010 |
| 22222 | Einstein   | Physics    | 95000.00 | 22222 | PHY-101   | 1      | Fall     | 2009 |
| 32343 | El Said    | History    | 60000.00 | 32343 | HIS-351   | 1      | Spring   | 2010 |
| 45565 | Katz       | Comp. Sci. | 75000.00 | 45565 | CS-101    | 1      | Spring   | 2010 |
| 45565 | Katz       | Comp. Sci. | 75000.00 | 45565 | CS-319    | 1      | Spring   | 2010 |
| 76766 | Crick      | Biology    | 72000.00 | 76766 | BIO-101   | 1      | Summer   | 2009 |
| 76766 | Crick      | Biology    | 72000.00 | 76766 | BIO-301   | 1      | Summer   | 2010 |
| 83821 | Brandt     | Comp. Sci. | 92000.00 | 83821 | CS-190    | 1      | Spring   | 2009 |
| 83821 | Brandt     | Comp. Sci. | 92000.00 | 83821 | CS-190    | 2      | Spring   | 2009 |
| 83821 | Brandt     | Comp. Sci. | 92000.00 | 83821 | CS-319    | 2      | Spring   | 2010 |
| 98345 | Kim        | Elec. Eng. | 80000.00 | 98345 | EE-181    | 1      | Spring   | 2009 |
+-------+------------+------------+----------+-------+-----------+--------+----------+------+
15 rows in set (0.00 sec)
```

**15 rows in set (0.00 sec)**

### 内连接

默认`join = inner join`

如`select * from instructor join teaches;`产生结果与笛卡尔积相同，ID出现2次

需要用`using` 指定连接属性，则ID出现1次

```
mysql> select * from instructor join teaches using (ID);

...

15 rows in set (0.00 sec)

```

### 外连接

`full/left/right outer join` 全/左/右外连接会产生null，产生2次ID，需要用`on`指定连接属性

```
mysql> select * from instructor left outer join teaches on instructor.id = teaches.id;
+-------+------------+------------+----------+-------+-----------+--------+----------+------+
| ID    | name       | dept_name  | salary   | ID    | course_id | sec_id | semester | year |
+-------+------------+------------+----------+-------+-----------+--------+----------+------+
| 10101 | Srinivasan | Comp. Sci. | 65000.00 | 10101 | CS-101    | 1      | Fall     | 2009 |
| 10101 | Srinivasan | Comp. Sci. | 65000.00 | 10101 | CS-315    | 1      | Spring   | 2010 |
| 22222 | Einstein   | Physics    | 95000.00 | 22222 | PHY-101   | 1      | Fall     | 2009 |
| 32343 | El Said    | History    | 60000.00 | 32343 | HIS-351   | 1      | Spring   | 2010 |
| 33456 | Gold       | Physics    | 87000.00 | NULL  | NULL      | NULL   | NULL     | NULL |
| 45565 | Katz       | Comp. Sci. | 75000.00 | 45565 | CS-101    | 1      | Spring   | 2010 |
| 45565 | Katz       | Comp. Sci. | 75000.00 | 45565 | CS-319    | 1      | Spring   | 2010 |
| 58583 | Califieri  | History    | 62000.00 | NULL  | NULL      | NULL   | NULL     | NULL |
| 76543 | Singh      | Finance    | 80000.00 | NULL  | NULL      | NULL   | NULL     | NULL |
| 76766 | Crick      | Biology    | 72000.00 | 76766 | BIO-101   | 1      | Summer   | 2009 |
2010 |
| 98345 | Kim        | Elec. Eng. | 80000.00 | 98345 | EE-181    | 1      | Spring   | 2009 |
...........
+-------+------------+------------+----------+-------+-----------+--------+----------+------+
18 rows in set (0.00 sec)
```

**18 rows in set (0.00 sec)**

使用`on true where ...`，则上结果中的null属性被去掉，其他不变，依然ID出现两次。

```
mysql> select * from instructor left outer join teaches on true where instructor.id = teaches.id;
+-------+------------+------------+----------+-------+-----------+--------+----------+------+
| ID    | name       | dept_name  | salary   | ID    | course_id | sec_id | semester | year |
+-------+------------+------------+----------+-------+-----------+--------+----------+------+
| 10101 | Srinivasan | Comp. Sci. | 65000.00 | 10101 | CS-101    | 1      | Fall     | 2009 |
| 10101 | Srinivasan | Comp. Sci. | 65000.00 | 10101 | CS-315    | 1      | Spring   | 2010 |
| 10101 | Srinivasan | Comp. Sci. | 65000.00 | 10101 | CS-347    | 1      | Fall     | 2009 |
| 83821 | Brandt     | Comp. Sci. | 92000.00 | 83821 | CS-319    | 2      | Spring   | 2010 |
| 98345 | Kim        | Elec. Eng. | 80000.00 | 98345 | EE-181    | 1      | Spring   | 2009 |
............
+-------+------------+------------+----------+-------+-----------+--------+----------+------+
15 rows in set (0.00 sec)
```

**15 rows in set (0.00 sec)**

### 总结

下表中，任意的连接类型可以与右侧任意的连接条件组合，where显然不是连接条件。

| 连接类型         | 连接条件             |
| ---------------- | -------------------- |
| inner join       | natural              |
| left outer join  | on                   |
| right outer join | using(A1, A2, …, An) |
| full outer join  |                      |

## 等值连接与自然连接的区别

```
e.g  S：     A   B               R：B  C

                1   2                       2  1
                3   3                       7  2
                5   9                       3  5
等值连接（S.A=R.C）
          A  S.B R.B  C
          1    2    2      1
          5    9    3      5
等值连接（S.B=R.B）
         A  S.B R.B  C
         1    2     2     1
         3    3     3     5
自然连接
         A   B   C
         1   2   1
         3   3   5

总结：1）等值连接必须要有等值的条件，当条件不同时连接的结果也不相同，两个关系可以没有相同的属性列

      2）自然连接必须要有相同的属性列才能进行，即等值连接之后要去除相同的属性列
```



# Mysql缺少rank等oracle的内置的函数，如何完成同样的功能

## 在MySQL中实现Rank高级排名函数

MySQL中没有Rank排名函数，当我们需要查询排名时，只能使用MySQL数据库中的基本查询语句来查询普通排名。尽管如此，可不要小瞧基础而简单的查询语句，我们可以利用其来达到Rank函数一样的高级排名效果。

在这里我用一个简单例子来实现排名的查询：

首先我们先创建一个我们需要进行高级排名查询的`players`表，

```mysql
CREATE TABLE `players` (
  `pid` int(2) NOT NULL AUTO_INCREMENT,
  `name` varchar(50) NOT NULL,
  `age` int(2) NOT NULL,
  PRIMARY KEY (`pid`),
  UNIQUE KEY `name` (`name`)
) ENGINE=InnoDB  DEFAULT CHARSET=latin1;

INSERT INTO `players` (`pid`, `name`, `age`) VALUES
(1, 'Samual', 25),
(2, 'Vino', 20),
(3, 'John', 20),
(4, 'Andy', 22),
(5, 'Brian', 21),
(6, 'Dew', 24),
(7, 'Kris', 25),
(8, 'William', 26),
(9, 'George', 23),
(10, 'Peter', 19),
(11, 'Tom', 20),
(12, 'Andre', 20);
```

### 1、在MySQL中实现Rank普通排名函数

在这里，我们希望获得一个排名字段的列，以及`age`的升序排列。所以我们的查询语句将是：

```mysql
SELECT pid, name, age, @curRank := @curRank + 1 AS rank
FROM players p, (
SELECT @curRank := 0
) q
ORDER BY age
```

```
| PID |    NAME | AGE | RANK |
|-----|---------|-----|------|
|  10 |   Peter |  19 |    1 |
|  12 |   Andre |  20 |    2 |
|   2 |    Vino |  20 |    3 |
|   3 |    John |  20 |    4 |
|  11 |     Tom |  20 |    5 |
|   5 |   Brian |  21 |    6 |
|   4 |    Andy |  22 |    7 |
|   9 |  George |  23 |    8 |
|   6 |     Dew |  24 |    9 |
|   7 |    Kris |  25 |   10 |
|   1 |  Samual |  25 |   11 |
|   8 | William |  26 |   12 |
```

要在mysql中声明一个变量，你必须在变量名之前使用`@`符号。FROM子句中的`(@curRank := 0)`部分允许我们进行变量初始化，而不需要单独的`SET`命令。当然，也可以使用`SET`，但它会处理两个查询：

```mysql
SET @curRank := 0;
SELECT pid, name, age, @curRank := @curRank + 1 AS rank
FROM players
ORDER BY age
```

------

### 2、查询以降序排列

首要按age的降序排列，其次按name进行排列，只需修改查询语句加上`ORDER BY`和  `DESC`以及列名即可。

```mysql
SELECT pid, name, age, @curRank := @curRank + 1 AS rank
FROM players p, (
SELECT @curRank := 0
) q
ORDER BY age DESC, name
```

```
| PID |    NAME | AGE | RANK |
|-----|---------|-----|------|
|   8 | William |  26 |    1 |
|   7 |    Kris |  25 |    2 |
|   1 |  Samual |  25 |    3 |
|   6 |     Dew |  24 |    4 |
|   9 |  George |  23 |    5 |
|   4 |    Andy |  22 |    6 |
|   5 |   Brian |  21 |    7 |
|  12 |   Andre |  20 |    8 |
|   3 |    John |  20 |    9 |
|  11 |     Tom |  20 |   10 |
|   2 |    Vino |  20 |   11 |
|  10 |   Peter |  19 |   12 |
```

------

### 3、在MySQL中实现Rank普通并列排名函数

现在，如果我们希望为并列数据的行赋予相同的排名，则意味着那些在排名比较列中具有相同值的行应在MySQL中计算排名时保持相同的排名(例如在我们的例子中的`age`)。为此，我们使用了一个额外的变量。

```mysql
SELECT pid, name, age, 
CASE 
WHEN @prevRank = age THEN @curRank 
WHEN @prevRank := age THEN @curRank := @curRank + 1
END AS rank
FROM players p, 
(SELECT @curRank :=0, @prevRank := NULL) r
ORDER BY age
```

```
| PID |    NAME | AGE | RANK |
|-----|---------|-----|------|
|  10 |   Peter |  19 |    1 |
|  12 |   Andre |  20 |    2 |
|   2 |    Vino |  20 |    2 |
|   3 |    John |  20 |    2 |
|  11 |     Tom |  20 |    2 |
|   5 |   Brian |  21 |    3 |
|   4 |    Andy |  22 |    4 |
|   9 |  George |  23 |    5 |
|   6 |     Dew |  24 |    6 |
|   7 |    Kris |  25 |    7 |
|   1 |  Samual |  25 |    7 |
|   8 | William |  26 |    8 |
```

如上所示，具有相同数据和排行的两行或多行，它们都会获得相同的排名。玩家Andre, Vino, John 和Tom都有相同的age，所以他们排名并列第二。下一个最高age的玩家(Brian)排名第3。这个查询相当于MSSQL和ORACLE 中的**DENSE_RANK()**函数。

------

### 4、在MySQL中实现Rank高级并列排名函数

当使用RANK()函数时，如果两个或以上的行排名并列，则相同的行都会有相同的排名，但是实际排名中存在有关系的差距。

```mysql
SELECT pid, name, age, rank FROM
(SELECT pid, name, age,
@curRank := IF(@prevRank = age, @curRank, @incRank) AS rank, 
@incRank := @incRank + 1, 
@prevRank := age
FROM players p, (
SELECT @curRank :=0, @prevRank := NULL, @incRank := 1
) r 
ORDER BY age) s
```

这是一个查询中的子查询。我们使用三个变量(@incRank，@prevRank，@curRank)来计算关系的情况下，在查询结果中我们已经补全了因为并列而导致的排名空位。我们已经封闭子查询到查询。这个查询相当于MSSQL和ORACLE中的**RANK()**函数。

```
| PID |    NAME | AGE | RANK |
|-----|---------|-----|------|
|  10 |   Peter |  19 |    1 |
|  12 |   Andre |  20 |    2 |
|   2 |    Vino |  20 |    2 |
|   3 |    John |  20 |    2 |
|  11 |     Tom |  20 |    2 |
|   5 |   Brian |  21 |    6 |
|   4 |    Andy |  22 |    7 |
|   9 |  George |  23 |    8 |
|   6 |     Dew |  24 |    9 |
|   7 |    Kris |  25 |   10 |
|   1 |  Samual |  25 |   10 |
|   8 | William |  26 |   12 |
```

在这里我们可以看到，Andre，Vino，John和Tom都有相同的age，所以他们排名并列第二。下一个最高年龄的球员(Brian)排名第6，而不是第3，因为有4个人并列排名在第2。



# MySQL中group_concat()函数的排序方法

## 示例1

group_concat()函数的参数是可以直接使用order by排序的。

![img](https://images2015.cnblogs.com/blog/711223/201610/711223-20161010141510680-2000506790.png)

比如，我们要查看每个人的多个分数，将该人对应的多个分数显示在一起，分数要从高到底排序。可以这样写：

SELECT username,GROUP_CONCAT(score ORDER BY score DESC) AS myScore FROM t1 GROUP BY username;

效果如下：

![img](https://images2015.cnblogs.com/blog/711223/201610/711223-20161010141914446-1535043052.png)

## 示例2

假如一个需求：统计商品库存，产品ID + 子产品名称都相同时，可以确定是同一款商品。当商品来自不同的渠道时，我们要统计每个渠道中最大的那一个。如果在Oracle中可以通过分析函数 OVER(PARTITION BY… ORDER BY…)来实现。在MySQL中应该怎么来实现呢。现在通过两种简单的方式来实现这一需求。

### 数据准备

```mysql
/*Table structure for table `product_stock` */
CREATE TABLE `product_stock` (
  `id` int(11) NOT NULL AUTO_INCREMENT COMMENT '主键',
  `product_id` varchar(10) DEFAULT NULL COMMENT '产品ID',
  `channel_type` int(11) DEFAULT NULL COMMENT '渠道类型',
  `branch` varchar(10) DEFAULT NULL COMMENT '子产品',
  `stock` int(11) DEFAULT NULL COMMENT '库存',
  PRIMARY KEY (`id`)
) ENGINE=InnoDB AUTO_INCREMENT=47 DEFAULT CHARSET=utf8;

/*Data for the table `product_stock` */

insert  into `product_stock`
(`id`,`product_id`,`channel_type`,`branch`,`stock`) 
values (1,'P002',1,'豪华房',23),
(2,'P001',1,'高级标间',45),
(3,'P003',1,'高级标间',33),
(4,'P004',1,'经典房',65),
(5,'P003',1,'小型套房',45),
(6,'P002',2,'高级标间',331),
(7,'P005',2,'小型套房',223),
(8,'P001',1,'豪华房',99),
(9,'P002',3,'高级标间',65),
(10,'P003',2,'经典房',45),
(11,'P004',3,'标准双床房',67),
(12,'P005',2,'小型套房',34),
(13,'P001',1,'高级标间',43),
(14,'P002',3,'豪华房',56),
(15,'P001',3,'高级标间',77),
(16,'P005',2,'经典房',67),
(17,'P003',2,'高级标间',98),
(18,'P002',3,'经典房',23),
(19,'P004',2,'经典房',76),
(20,'P002',1,'小型套房',123);

```

### 通过分组聚合GROUP_CONCAT实现

```mysql
SELECT
  product_id,
  branch,
  GROUP_CONCAT(t.stock ORDER BY t.stock DESC ) stocks
FROM (SELECT *
      FROM product_stock) t
GROUP BY product_id,branch

```

查询结果：

```
product_id	branch	stocks

P001	豪华房	     99
P001	高级标间	77,45,43
P002	小型套房	123
P002	经典房	     23
P002	豪华房	     56,23
P002	高级标间	331,65
P003	小型套房	45
P003	经典房	     45
P003	高级标间	98,33
P004	标准双床房   67
P004	经典房	     76,65
P005	小型套房	223,34
P005	经典房	     67

```

这也许并不是我们想要的结果，我们只要stocks中的最大值就可以，那么我们只要用**SUBSTRING_INDEX**函数截取一下就可以：

```mysql
SELECT
  product_id,
  branch,
  SUBSTRING_INDEX(GROUP_CONCAT(t.stock ORDER BY t.stock DESC ),',',1) stock
FROM (SELECT *
      FROM product_stock) t
GROUP BY product_id,branch
```

```
product_id	branch	stock
P001	豪华房	99
P001	高级标间	77
P002	小型套房	123
P002	经典房	23
P002	豪华房	56
P002	高级标间	331
P003	小型套房	45
P003	经典房	45
P003	高级标间	98
P004	标准双床房	67
P004	经典房	76
P005	小型套房	223
P005	经典房	67
```

### 通过关联查询及COUNT函数实现

```mysql
SELECT *
FROM (SELECT
        t.product_id,
        t.branch,
        t.stock,
        COUNT(*)     AS rank
      FROM product_stock t
        LEFT JOIN product_stock r
          ON t.product_id = r.product_id
            AND t.branch = r.branch
            AND t.stock <= r.stock
      GROUP BY t.id) s
WHERE s.rank = 1

```

```mysql
product_id	branch	stock	rank
P003	小型套房	45	1
P002	高级标间	331	1
P005	小型套房	223	1
P001	豪华房	99	1
P003	经典房	45	1
P004	标准双床房	67	1
P002	豪华房	56	1
P001	高级标间	77	1
P005	经典房	67	1
P003	高级标间	98	1
P002	经典房	23	1
P004	经典房	76	1
P002	小型套房	123	1

```

通过关联表本身，联接条件中：t.stock <= r.stock，当t.stock = r.stock时，COUNT出来的数量是1，当t.stock < r.stock时,COUNT出来的数量2,3,4…由此可以给所有的数据根据stock字段做一个排序，而这个排序中所有为1的，就是我们所需求的数据，然后通过按id分组，得到结果。通过这种方式，也可以实现上面的需求